mint,image_url,name,symbol
aeroBCMu6AX6bCLYd1VQtigqZh8NGSjn54H1YSczHeJ,https://storage.googleapis.com/nft-assets/items/AGEL-57k3FPK3Uq1Vrp02.png,Aerogel,AGEL
ammoK8AkX2wnebQb35cDAZtTkvsXQbi82cGeTnUvvfK,https://storage.googleapis.com/nft-assets/items/AMMO.png,Ammunition,AMMO
ARCoQ9dndpg6wE2rRexzfwgJR3NoWWhpcww3xQcQLukg,https://storage.googleapis.com/nft-assets/items/ARCO.png,Arco,ARCO
MASS9GqtJz6ABisAxcUn3FeR4phMqH1XfG6LPKJePog,https://storage.googleapis.com/nft-assets/items/BIOMASS.png,Biomass,BIOMASS
CARBWKWvxEuMcq3MqCxYfi7UoFVpL9c4rsQS99tw6i4X,https://storage.googleapis.com/nft-assets/items/CARBON.png,Carbon,CARBON
ic3AfsMFGKjkftEkpZLLdCGHmSQX5RwH92zhXUZVNCW,https://storage.googleapis.com/nft-assets/items/IC3A.png,Contract - Quantum Nodes,IC3A
ic3BNHDBzoW8suW4q9a9qt5PkK7D38T4raGDc1gyuRh,https://storage.googleapis.com/nft-assets/items/IC3B.png,Contract - Starpath Cells,IC3B
CPPRam7wKuBkYzN5zCffgNU17RKaeMEns4ZD83BqBVNR,https://storage.googleapis.com/nft-assets/items/COPPER.png,Copper,COPPER
CUore1tNkiubxSwDEtLc3Ybs1xfWLs8uGjyydUYZ25xc,https://storage.googleapis.com/nft-assets/items/CUORE.png,Copper Ore,CUORE
cwirGHLB2heKjCeTy4Mbp4M443fU4V7vy2JouvYbZna,https://storage.googleapis.com/nft-assets/items/CPRWIRE.png,Copper Wire,CPRWIRE
CRFRjhzDEhBSWGqpfdnqUHnbPLrimcuQ69kT9XE6tyRr,https://storage.googleapis.com/nft-assets/items/COPRFR.png,Council RFR 2023,CRFR
CRYSNnUd7cZvVfrEVtVNKmXiCPYdZ1S5pM5qG2FDVZHF,https://storage.googleapis.com/nft-assets/items/CRYSLAT.png,Crystal Lattice,CRYSLAT
DMNDKqygEN3WXKVrAD4ofkYBc4CKNRhFUbXP4VK7a944,https://storage.googleapis.com/nft-assets/items/DIAMOND.png,Diamond,DIAMOND
EMAGoQSP89CJV5focVjrpEuE4CeqJ4k1DouQW7gUu7yX,https://storage.googleapis.com/nft-assets/items/ELECMAG.png,Electromagnet,ELECMAG
ELECrjC8m9GxCqcm4XCNpFvkS8fHStAvymS6MJbe3XLZ,https://storage.googleapis.com/nft-assets/items/ELECTRO.png,Electronics,ELECTRO
SUBSVX9LYiPrzHeg2bZrqFSDSKkrQkiCesr6SjtdHaX,https://storage.googleapis.com/nft-assets/items/ENRGSUB.png,Energy Substrate,ENRGSUB
FiELD9fGaCgiNMfzQKKZD78wxwnBHTwjiiJfsieb6VGb,https://storage.googleapis.com/nft-assets/items/FSTAB-uG0HGWxwZeOsKidv.png,Field Stabilizer,FSTAB
foodQJAztMzX1DKpLaiounNe2BDMds5RNuPC6jsNrDG,https://storage.googleapis.com/nft-assets/items/FOOD.png,Food,FOOD
FMWKb7YJA5upZHbu5FjVRRoxdDw2FYFAu284VqUGF9C2,https://storage.googleapis.com/nft-assets/items/FRMWRK.png,Framework,FRMWRK
fueL3hBZjLLLJHiFH9cqZoozTG3XQZ53diwFPwbzNim,https://storage.googleapis.com/nft-assets/items/FUEL.png,Fuel,FUEL
GT24XW4QvPxm1Dj63kYQMVa2nwwReLtcWXyHzA6G4yRw,https://storage.googleapis.com/nft-assets/items/GLDTKT2024-GOEP2DX08Uz7KELq.png,Golden Ticket 2624,GLDTKT24
GRAPHKGoKtXtdPBx17h6fWopdT5tLjfAP8cDJ1SvvDn4,https://storage.googleapis.com/nft-assets/items/GRAPH.png,Graphene,GRAPH
HYCBuSWCJ5ZEyANexU94y1BaBPtAX2kzBgGD2vES2t6M,https://storage.googleapis.com/nft-assets/items/HCRB.png,Hydrocarbon,HCRB
HYDR4EPHJcDPcaLYUcNCtrXUdt1PnaN4MvE655pevBYp,https://storage.googleapis.com/nft-assets/items/HYG.png,Hydrogen,HYG
inkTd6G5fWSLhmTgY7tTkCR2a75ACrgM86e7HF6DkHh,https://storage.googleapis.com/nft-assets/items/BlackGoo.png,Ink,INK
ironxrUhTEaBiR9Pgp6hy4qWx6V2FirDoXhsFP25GFP,https://storage.googleapis.com/nft-assets/items/IRON.png,Iron,IRON
FeorejFjRRAfusN9Fg3WjEZ1dRCf74o6xwT5vDt3R34J,https://storage.googleapis.com/nft-assets/items/FEORE.png,Iron Ore,FEORE
LUMACqD5LaKjs1AeuJYToybasTXoYQ7YkxJEc4jowNj,https://storage.googleapis.com/nft-assets/items/LUMAN.png,Lumanite,LUMAN
MAGNMDeDJLvGAnriBvzWruZHfXNwWHhxnoNF75AQYM5,https://storage.googleapis.com/nft-assets/items/MAGNET.png,Magnet,MAGNET
mic2AcEbMAjxoYGWaobvTMKzzNraSRVFaDaKEM2YrTD,https://storage.googleapis.com/nft-assets/items/MIC2-c4vlru4RithEtPSW.png,MUD Contract - Gotti's Favor,MIC2
mic9ZayXBs7x3T6qgM2VskuaWFC8egCQBkTHcy8BoPM,https://storage.googleapis.com/nft-assets/items/MIC.png,MUD Infrastructure Contract,MIC
Nitro6idW5JCb2ysUPGUAvVqv3HmUR7NVH7NdybGJ4L,https://storage.googleapis.com/nft-assets/items/NITRO-wmxKLSXK8vkZc9IY.png,Nitrogen,NITRO
oiC26XFt8HR1xzw3Y6WJ9wMTdtY1g9k1mthMqwRAn1X,https://storage.googleapis.com/nft-assets/items/OIC2-W7sZ0iPXkweqMZat.png,ONI Contract - Vaor's Order,OIC2
oicT4ECU7nuPBZD2HUg8sb9nG4MDXWaE8vAnzwzXqcg,https://storage.googleapis.com/nft-assets/items/OIC.png,ONI Infrastructure Contract,OIC
PTCLSWbwZ3mqZqHAporphY2ofio8acsastaHfoP87Dc,https://storage.googleapis.com/nft-assets/items/PRTACL.png,Particle Accelerator,PRTACL
PoLYs2hbRt5iDibrkPT9e6xWuhSS45yZji5ChgJBvcB,https://storage.googleapis.com/nft-assets/items/POLYMER.png,Polymer,POLYMER
PoWRYJnw3YDSyXgNtN3mQ3TKUMoUSsLAbvE8Ejade3u,https://storage.googleapis.com/nft-assets/items/PWRSRC.png,Power Source,PWRSRC
RABSXX6RcqJ1L5qsGY64j91pmbQVbsYRQuw1mmxhxFe,https://storage.googleapis.com/nft-assets/items/RADABS.png,Radiation Absorber,RADABS
RCH1Zhg4zcSSQK8rw2s6rDMVsgBEWa4kiv1oLFndrN5,https://storage.googleapis.com/nft-assets/items/ROCH.png,Rochinol,ROCH
SiLiCA4xKGkyymB5XteUVmUeLqE4JGQTyWBpKFESLgh,https://storage.googleapis.com/nft-assets/items/SAND-4qhHTv4IplaAvDYZ.png,Silica,SAND
STEELXLJ8nfJy3P4aNuGxyNRbWPohqHSwxY75NsJRGG,https://storage.googleapis.com/nft-assets/items/STEEL.png,Steel,STEEL
EMiTWSLgjDVkBbLFaMcGU6QqFWzX9JX6kqs1UtUjsmJA,https://storage.googleapis.com/nft-assets/items/STRANGE.png,Strange Emitter,STRANGE
CoNDDRCNxXAMGscCdejioDzb6XKxSzonbWb36wzSgp5T,https://storage.googleapis.com/nft-assets/items/SPRCOND.png,Super Conductor,SPRCOND
SDUsgfSZaDhhZ76U3ZgvtFiXsfnHbf2VrzYxjBZ5YbM,https://storage.googleapis.com/nft-assets/items/SDU.png,Survey Data Unit,SDU
TTNM1SMkM7VKtyPW6CNBZ4cg3An3zzQ8NVLS2HpMaWL,https://storage.googleapis.com/nft-assets/items/TTNM-J9PTSvS1Oq9he7GB.png,Titanium,TTNM
tiorehR1rLfeATZ96YoByUkvNFsBfUUSQWgSH2mizXL,https://storage.googleapis.com/nft-assets/items/TIORE-FfxSY4VfH0UoZswz.png,Titanium Ore,TIORE
tooLsNYLiVqzg8o4m3L2Uetbn62mvMWRqkog6PQeYKL,https://storage.googleapis.com/nft-assets/items/TOOL.png,Toolkit,TOOL
uiC2QNxpUxu1VqFefrbN6eDucaW2g9YnB4EZosMQeec,https://storage.googleapis.com/nft-assets/items/UIC2-HRySC2MbawfaKkqb.png,Ustur Contract - Opos' Request,UIC2
uicF2zhVoZguiFbr2KWp3kFBYwezs6HZqMzQfLbXw1A,https://storage.googleapis.com/nft-assets/items/UIC.png,Ustur Infrastructure Contract,UIC
